-- ============================================================
-- MIGRATION 004: SEED DATA (DEVELOPMENT ONLY)
-- Mehayesod Construction Project Execution Platform
-- Hebrew construction data for UI testing and development.
-- Depends on: migrations 001, 002, 003 (all must run first).
-- DO NOT run on production.
--
-- Contents:
--   3 projects  |  5 members  |  24 daily logs
--  16 issues    | 10 comments | 16 photos
--  11 blockers  | 10 decisions | 19 reports
--  Contractor + equipment rows for 14 daily logs
-- ============================================================

DO $$
DECLARE
    -- ========================================================
    -- PROJECT IDs
    -- ========================================================
    v_pr1 UUID := gen_random_uuid(); -- הצלפים 24 - רעננה (active)
    v_pr2 UUID := gen_random_uuid(); -- שדרות ירושלים 18 - בת ים (active)
    v_pr3 UUID := gen_random_uuid(); -- נוף הגליל 12 - נוף הגליל (planning)

    -- ========================================================
    -- DAILY LOG IDs: PR1 (12 logs, Jun 1-15)
    -- Inserted oldest-first so assign_log_number trigger
    -- assigns sequential numbers 1-12 in date order.
    -- ========================================================
    v_dl_pr1_01 UUID := gen_random_uuid(); -- 2026-06-01 log#1
    v_dl_pr1_02 UUID := gen_random_uuid(); -- 2026-06-02 log#2
    v_dl_pr1_03 UUID := gen_random_uuid(); -- 2026-06-03 log#3
    v_dl_pr1_04 UUID := gen_random_uuid(); -- 2026-06-04 log#4
    v_dl_pr1_05 UUID := gen_random_uuid(); -- 2026-06-05 log#5
    v_dl_pr1_06 UUID := gen_random_uuid(); -- 2026-06-08 log#6
    v_dl_pr1_07 UUID := gen_random_uuid(); -- 2026-06-09 log#7
    v_dl_pr1_08 UUID := gen_random_uuid(); -- 2026-06-10 log#8
    v_dl_pr1_09 UUID := gen_random_uuid(); -- 2026-06-11 log#9
    v_dl_pr1_10 UUID := gen_random_uuid(); -- 2026-06-12 log#10
    v_dl_pr1_11 UUID := gen_random_uuid(); -- 2026-06-14 log#11
    v_dl_pr1_12 UUID := gen_random_uuid(); -- 2026-06-15 log#12

    -- ========================================================
    -- DAILY LOG IDs: PR2 (10 logs, Jun 1-15)
    -- ========================================================
    v_dl_pr2_01 UUID := gen_random_uuid(); -- 2026-06-01 log#1
    v_dl_pr2_02 UUID := gen_random_uuid(); -- 2026-06-02 log#2
    v_dl_pr2_03 UUID := gen_random_uuid(); -- 2026-06-04 log#3
    v_dl_pr2_04 UUID := gen_random_uuid(); -- 2026-06-05 log#4
    v_dl_pr2_05 UUID := gen_random_uuid(); -- 2026-06-08 log#5
    v_dl_pr2_06 UUID := gen_random_uuid(); -- 2026-06-10 log#6
    v_dl_pr2_07 UUID := gen_random_uuid(); -- 2026-06-11 log#7
    v_dl_pr2_08 UUID := gen_random_uuid(); -- 2026-06-12 log#8
    v_dl_pr2_09 UUID := gen_random_uuid(); -- 2026-06-14 log#9
    v_dl_pr2_10 UUID := gen_random_uuid(); -- 2026-06-15 log#10

    -- ========================================================
    -- DAILY LOG IDs: PR3 (2 planning surveys)
    -- ========================================================
    v_dl_pr3_01 UUID := gen_random_uuid(); -- 2026-05-25 log#1
    v_dl_pr3_02 UUID := gen_random_uuid(); -- 2026-06-08 log#2

    -- ========================================================
    -- ISSUE IDs (16 issues across 3 projects)
    -- ========================================================
    v_is_01 UUID := gen_random_uuid(); -- PR1: סדק בקיר חיצוני (high, in_progress)
    v_is_02 UUID := gen_random_uuid(); -- PR1: רטיבות בתקרה קומה 3 (critical, in_progress)
    v_is_03 UUID := gen_random_uuid(); -- PR1: ברזל בסיס לא תקני (high, resolved)
    v_is_04 UUID := gen_random_uuid(); -- PR1: מפגע בטיחותי - פיגומים (critical, open)
    v_is_05 UUID := gen_random_uuid(); -- PR1: יציקת בטון לא אחידה (medium, open)
    v_is_06 UUID := gen_random_uuid(); -- PR1: חיפוי קיר לא ישר (low, closed)
    v_is_07 UUID := gen_random_uuid(); -- PR1: אי-התאמה בשרטוט קומה 2 (high, in_progress)
    v_is_08 UUID := gen_random_uuid(); -- PR2: טיח פנים לא אחיד (medium, open)
    v_is_09 UUID := gen_random_uuid(); -- PR2: ניקוז גג (high, in_progress)
    v_is_10 UUID := gen_random_uuid(); -- PR2: צבע לא מאושר (low, open)
    v_is_11 UUID := gen_random_uuid(); -- PR2: דלת לא ישרה - קומה 2 (medium, resolved)
    v_is_12 UUID := gen_random_uuid(); -- PR2: חשמל לא תקני (critical, in_progress)
    v_is_13 UUID := gen_random_uuid(); -- PR2: פיר מעלית לא בקו (high, open)
    v_is_14 UUID := gen_random_uuid(); -- PR3: גבולות מגרש לא ברורים (high, open)
    v_is_15 UUID := gen_random_uuid(); -- PR3: היתר בנייה לא שלם (critical, open)
    v_is_16 UUID := gen_random_uuid(); -- PR2: שבירת אריחים במסדרון (low, open)

    -- ========================================================
    -- BLOCKER IDs (11 blockers across 3 projects)
    -- ========================================================
    v_bl_01 UUID := gen_random_uuid(); -- PR1: עיכוב בהספקת ברזל (critical, in_progress)
    v_bl_02 UUID := gen_random_uuid(); -- PR1: מחסור בפועלי שלד (high, open)
    v_bl_03 UUID := gen_random_uuid(); -- PR1: תקלה בבטונייה (medium, resolved)
    v_bl_04 UUID := gen_random_uuid(); -- PR1: בעיה בחיבור לרשת החשמל (critical, open)
    v_bl_05 UUID := gen_random_uuid(); -- PR1: עיכוב בביקור מפקח עיריה (low, open)
    v_bl_06 UUID := gen_random_uuid(); -- PR2: עיכוב בהספקת אריחים (high, in_progress)
    v_bl_07 UUID := gen_random_uuid(); -- PR2: מחסור בפועלים (medium, open)
    v_bl_08 UUID := gen_random_uuid(); -- PR2: חוסר בחומר איטום לגג (critical, open)
    v_bl_09 UUID := gen_random_uuid(); -- PR2: עיכוב בתשלום לקבלן ריצוף (high, open)
    v_bl_10 UUID := gen_random_uuid(); -- PR3: היתר בנייה לא התקבל (critical, open)
    v_bl_11 UUID := gen_random_uuid(); -- PR3: מחלוקת על גבולות מגרש (high, in_progress)

    -- ========================================================
    -- DECISION IDs (10 decisions across 3 projects)
    -- ========================================================
    v_dc_01 UUID := gen_random_uuid(); -- PR1: אישור שינוי בגג (pending)
    v_dc_02 UUID := gen_random_uuid(); -- PR1: שינוי ספק בטון (approved)
    v_dc_03 UUID := gen_random_uuid(); -- PR1: הרחבת דירות קומה 3 (deferred)
    v_dc_04 UUID := gen_random_uuid(); -- PR1: תוספת מיזוג מרכזי (pending)
    v_dc_05 UUID := gen_random_uuid(); -- PR2: אישור חיפוי חיצוני (pending)
    v_dc_06 UUID := gen_random_uuid(); -- PR2: שינוי תוכנית דירה 45 (approved)
    v_dc_07 UUID := gen_random_uuid(); -- PR2: תוספת מקומות חניה (rejected)
    v_dc_08 UUID := gen_random_uuid(); -- PR3: אישור תוכנית בינוי (pending)
    v_dc_09 UUID := gen_random_uuid(); -- PR3: בחירת קבלן ראשי (pending)
    v_dc_10 UUID := gen_random_uuid(); -- PR3: הסכם שכנים (deferred)

    -- ========================================================
    -- REPORT IDs (19 reports: 17 daily + 1 weekly + 1 monthly)
    -- ========================================================
    v_rp_pr1_01 UUID := gen_random_uuid(); -- PR1 daily 2026-06-01 (sent)
    v_rp_pr1_02 UUID := gen_random_uuid(); -- PR1 daily 2026-06-02 (sent)
    v_rp_pr1_03 UUID := gen_random_uuid(); -- PR1 daily 2026-06-03 (sent)
    v_rp_pr1_04 UUID := gen_random_uuid(); -- PR1 daily 2026-06-04 (sent)
    v_rp_pr1_05 UUID := gen_random_uuid(); -- PR1 daily 2026-06-05 (sent)
    v_rp_pr1_06 UUID := gen_random_uuid(); -- PR1 daily 2026-06-08 (sent)
    v_rp_pr1_07 UUID := gen_random_uuid(); -- PR1 daily 2026-06-09 (ready)
    v_rp_pr1_08 UUID := gen_random_uuid(); -- PR1 daily 2026-06-10 (ready)
    v_rp_pr1_09 UUID := gen_random_uuid(); -- PR1 daily 2026-06-11 (draft)
    v_rp_pr1_10 UUID := gen_random_uuid(); -- PR1 daily 2026-06-12 (draft)
    v_rp_pr1_11 UUID := gen_random_uuid(); -- PR1 daily 2026-06-14 (draft)
    v_rp_pr1_wk UUID := gen_random_uuid(); -- PR1 weekly  2026-06-01 (ready)
    v_rp_pr1_mn UUID := gen_random_uuid(); -- PR1 monthly 2026-05-01 (sent)
    v_rp_pr2_01 UUID := gen_random_uuid(); -- PR2 daily 2026-06-01 (sent)
    v_rp_pr2_02 UUID := gen_random_uuid(); -- PR2 daily 2026-06-02 (sent)
    v_rp_pr2_03 UUID := gen_random_uuid(); -- PR2 daily 2026-06-04 (sent)
    v_rp_pr2_04 UUID := gen_random_uuid(); -- PR2 daily 2026-06-05 (ready)
    v_rp_pr2_05 UUID := gen_random_uuid(); -- PR2 daily 2026-06-08 (draft)
    v_rp_pr2_06 UUID := gen_random_uuid(); -- PR2 daily 2026-06-10 (draft)

BEGIN

    -- ========================================================
    -- PROJECTS
    -- ========================================================
    INSERT INTO public.project (id, name, address, client, manager, status, start_date, target_date)
    VALUES
        (v_pr1,
         'הצלפים 24',
         'הצלפים 24, רעננה',
         'יזמות בן-דוד בע״מ',
         'אבי כהן',
         'active',
         '2026-01-15',
         '2027-03-30'),

        (v_pr2,
         'שדרות ירושלים 18',
         'שדרות ירושלים 18, בת ים',
         'אזורים בנייה',
         'רונן לוי',
         'active',
         '2025-09-01',
         '2026-12-15'),

        (v_pr3,
         'נוף הגליל 12',
         'האורנים 12, נוף הגליל',
         'עיריית נוף הגליל',
         'שירה גל',
         'planning',
         '2026-07-01',
         '2027-10-30');


    -- ========================================================
    -- PROJECT MEMBERS
    -- Placeholder user_id UUIDs — no FK to auth.users yet.
    -- Phase 3 migration adds that FK constraint.
    -- ========================================================
    INSERT INTO public.project_member (project_id, user_id, role)
    VALUES
        (v_pr1, '00000000-0000-0000-0000-000000000001', 'field_manager'),
        (v_pr1, '00000000-0000-0000-0000-000000000010', 'company_manager'),
        (v_pr2, '00000000-0000-0000-0000-000000000002', 'field_manager'),
        (v_pr2, '00000000-0000-0000-0000-000000000010', 'company_manager'),
        (v_pr3, '00000000-0000-0000-0000-000000000003', 'field_manager');


    -- ========================================================
    -- DAILY LOGS: PR1 - הצלפים 24
    -- Inserted oldest-first; trigger assigns log_number 1-12.
    -- ========================================================
    INSERT INTO public.daily_log
        (id, project_id, date, work_hours, weather, submitted_by,
         exceptional_events, contractor_notes, work_description)
    VALUES
        (v_dl_pr1_01, v_pr1, '2026-06-01', '07:00-16:00', 'שמשי, 26°', 'יוסי בן-דוד',
         'אין', 'אין',
         '["חפירת יסודות אזור A", "הנחת ביסוס ראשוני", "יציקת בטון רזה"]'::jsonb),

        (v_dl_pr1_02, v_pr1, '2026-06-02', '07:00-16:00', 'מעונן חלקית, 24°', 'יוסי בן-דוד',
         'אין', 'אין',
         '["המשך חפירת יסודות אזור B", "קשירת ברזל ראשוני", "הנחת צינורות תשתית"]'::jsonb),

        (v_dl_pr1_03, v_pr1, '2026-06-03', '07:00-16:00', 'שמשי, 28°', 'יוסי בן-דוד',
         'אין', 'אין',
         '["יציקת בטון יסודות - אזור A", "בדיקת הידוק ברזל", "הכנת תבניות"]'::jsonb),

        (v_dl_pr1_04, v_pr1, '2026-06-04', '07:00-16:30', 'חמים, 30°', 'יוסי בן-דוד',
         'אין', 'אין',
         '["קשירת ברזל קומה 1 - צד מזרח", "יציקת עמודים", "הנחת צינורות חשמל קומה 1"]'::jsonb),

        (v_dl_pr1_05, v_pr1, '2026-06-05', '07:00-16:00', 'שמשי, 29°', 'יוסי בן-דוד',
         'גלאי עשן לא תקין - טופל בשטח', 'אין',
         '["קשירת ברזל קומה 1 - צד מערב", "תקנת שלד", "בדיקת יסודות"]'::jsonb),

        (v_dl_pr1_06, v_pr1, '2026-06-08', '07:00-16:00', 'מעונן, 23°', 'יוסי בן-דוד',
         'אין', 'קבלן השלד מבקש להאריך את זמן יציקת התקרה',
         '["יציקת תקרת קומה 1", "בדיקת תבניות", "הנחת ברזל עמודים קומה 2"]'::jsonb),

        (v_dl_pr1_07, v_pr1, '2026-06-09', '07:00-16:00', 'שמשי, 27°', 'יוסי בן-דוד',
         'פיגום בצד הצפוני - נצפה כי לא בטוח - הופסקה העבודה באזור', 'אין',
         '["פירוק תבניות קומה 1", "קשירת ברזל קומה 2 - התחלה", "בדיקת כניסות בנייה"]'::jsonb),

        (v_dl_pr1_08, v_pr1, '2026-06-10', '07:00-16:30', 'חמים, 31°', 'יוסי בן-דוד',
         'אין', 'אין',
         '["המשך קשירת ברזל קומה 2", "הנחת צינורות חשמל קומה 2", "ריסוס מים לבטון"]'::jsonb),

        (v_dl_pr1_09, v_pr1, '2026-06-11', '07:00-16:00', 'שמשי, 29°', 'יוסי בן-דוד',
         'אין', 'אין',
         '["קשירת ברזל קומה 2 - צד דרום", "בדיקת מידות", "יציקת מדרגות קומה 1-2"]'::jsonb),

        (v_dl_pr1_10, v_pr1, '2026-06-12', '07:00-16:00', 'מעונן, 25°', 'יוסי בן-דוד',
         'אין', 'אין',
         '["יציקת תקרת קומה 2", "הנחת ברזל עמודים קומה 3", "בדיקת שרטוטי עמודים"]'::jsonb),

        (v_dl_pr1_11, v_pr1, '2026-06-14', '07:00-16:00', 'שמשי, 28°', 'יוסי בן-דוד',
         'אין', 'אין',
         '["קשירת ברזל קומה 3", "עבודות טיח חוץ קומה 1", "בדיקת פתחי חלונות"]'::jsonb),

        (v_dl_pr1_12, v_pr1, '2026-06-15', '07:00-15:30', 'שמשי, 27°', 'יוסי בן-דוד',
         'אין', 'אין',
         '["המשך קשירת ברזל קומה 3", "בדיקת שרטוטים עם מהנדס", "הכנת תבניות קומה 3"]'::jsonb);


    -- ========================================================
    -- DAILY LOGS: PR2 - שדרות ירושלים 18
    -- ========================================================
    INSERT INTO public.daily_log
        (id, project_id, date, work_hours, weather, submitted_by,
         exceptional_events, contractor_notes, work_description)
    VALUES
        (v_dl_pr2_01, v_pr2, '2026-06-01', '07:00-16:00', 'שמשי, 26°', 'מיכל לוי',
         'אין', 'אין',
         '["טיח פנים דירות קומה 1", "הנחת צינורות אינסטלציה", "בדיקת ניקוז"]'::jsonb),

        (v_dl_pr2_02, v_pr2, '2026-06-02', '07:00-16:00', 'מעונן, 22°', 'מיכל לוי',
         'אין', 'אין',
         '["המשך טיח פנים", "בדיקת ניקוז גג", "עבודות ריצוף לובי"]'::jsonb),

        (v_dl_pr2_03, v_pr2, '2026-06-04', '07:00-16:30', 'חמים, 29°', 'מיכל לוי',
         'אין', 'אין',
         '["הנחת אריחי רצפה קומה 2", "טיח פנים קומה 3", "בדיקת הצנרת"]'::jsonb),

        (v_dl_pr2_04, v_pr2, '2026-06-05', '07:00-16:00', 'שמשי, 28°', 'מיכל לוי',
         'אין', 'קבלן ריצוף מבקש הארכת מועד - חוסר באריחים',
         '["הנחת אריחי קירות - לובי", "עבודות גבס פרוזדורים", "ריצוף חדר מדרגות"]'::jsonb),

        (v_dl_pr2_05, v_pr2, '2026-06-08', '07:00-16:00', 'מעונן, 24°', 'מיכל לוי',
         'אין', 'אין',
         '["צביעה - שכבה ראשונה קומה 1", "התקנת מסגרות חלונות", "בדיקת חיפוי חיצוני"]'::jsonb),

        (v_dl_pr2_06, v_pr2, '2026-06-10', '07:00-16:30', 'שמשי, 30°', 'מיכל לוי',
         'אין', 'אין',
         '["צביעה - שכבה שנייה קומה 1", "התקנת דלתות פנים", "גימור פרוזדורים"]'::jsonb),

        (v_dl_pr2_07, v_pr2, '2026-06-11', '07:00-16:00', 'חמים, 31°', 'מיכל לוי',
         'אין', 'אין',
         '["הנחת פרקט קומה 2", "עבודות חשמל", "בדיקת מערכת ספרינקלרים"]'::jsonb),

        (v_dl_pr2_08, v_pr2, '2026-06-12', '07:00-16:00', 'מעונן, 25°', 'מיכל לוי',
         'אין', 'אין',
         '["המשך הנחת פרקט", "התקנת כלים סניטריים", "גימור מסגרות חלונות"]'::jsonb),

        (v_dl_pr2_09, v_pr2, '2026-06-14', '07:00-16:00', 'שמשי, 27°', 'מיכל לוי',
         'אין', 'אין',
         '["בדיקות תיקון ליקויים", "ניקוי אתר", "עבודות גימור מטבחים"]'::jsonb),

        (v_dl_pr2_10, v_pr2, '2026-06-15', '07:00-15:00', 'שמשי, 27°', 'מיכל לוי',
         'אין', 'אין',
         '["בדיקות אחרונות", "הכנה לביקור מפקח", "תיקון ליקויי גבס"]'::jsonb);


    -- ========================================================
    -- DAILY LOGS: PR3 - נוף הגליל 12 (site surveys only)
    -- ========================================================
    INSERT INTO public.daily_log
        (id, project_id, date, work_hours, weather, submitted_by,
         exceptional_events, contractor_notes, work_description)
    VALUES
        (v_dl_pr3_01, v_pr3, '2026-05-25', '08:00-14:00', 'שמשי, 25°', 'אורן כהן',
         'אין', 'אין',
         '["סקר ראשוני של המגרש", "תיאום עם מודד מוסמך", "תיעוד תשתיות קיימות"]'::jsonb),

        (v_dl_pr3_02, v_pr3, '2026-06-08', '08:00-13:00', 'מעונן, 22°', 'אורן כהן',
         'אין', 'אין',
         '["בדיקת תשתיות קיימות", "פגישה עם מהנדס קרקע", "בדיקת גבולות מגרש"]'::jsonb);


    -- ========================================================
    -- CONTRACTOR ROWS
    -- PR1 logs 01-08, PR2 logs 01-06
    -- ========================================================
    INSERT INTO public.contractor_row (daily_log_id, contractor, trade, workers, notes, sort_order)
    VALUES
        -- PR1 Log 01
        (v_dl_pr1_01, 'א.ש. שלד', 'שלד', 4, 'חפירת יסודות', 0),
        (v_dl_pr1_01, 'ד.ל. חפירות', 'עפר', 2, 'עבודות עפר', 1),
        -- PR1 Log 02
        (v_dl_pr1_02, 'א.ש. שלד', 'שלד', 5, 'הכנת ביסוס', 0),
        (v_dl_pr1_02, 'ד.ל. חפירות', 'עפר', 3, 'המשך חפירה', 1),
        -- PR1 Log 03
        (v_dl_pr1_03, 'א.ש. שלד', 'שלד', 6, 'יציקת יסודות', 0),
        (v_dl_pr1_03, 'יציקות ישראל', 'בטון', 2, 'יציקת בטון', 1),
        -- PR1 Log 04
        (v_dl_pr1_04, 'א.ש. שלד', 'שלד', 6, 'קשירת ברזל', 0),
        (v_dl_pr1_04, 'יציקות ישראל', 'בטון', 3, 'יציקת עמודים', 1),
        (v_dl_pr1_04, 'כהן חשמל', 'חשמל', 2, 'הנחת צינורות', 2),
        -- PR1 Log 05
        (v_dl_pr1_05, 'א.ש. שלד', 'שלד', 7, 'קשירת ברזל', 0),
        (v_dl_pr1_05, 'כהן חשמל', 'חשמל', 2, 'צינורות חשמל', 1),
        -- PR1 Log 06
        (v_dl_pr1_06, 'א.ש. שלד', 'שלד', 8, 'יציקת תקרה', 0),
        (v_dl_pr1_06, 'יציקות ישראל', 'בטון', 3, 'ניהול יציקה', 1),
        (v_dl_pr1_06, 'כהן חשמל', 'חשמל', 2, 'צינורות בתוך שלד', 2),
        -- PR1 Log 07
        (v_dl_pr1_07, 'א.ש. שלד', 'שלד', 8, 'פירוק תבניות', 0),
        (v_dl_pr1_07, 'יציקות ישראל', 'בטון', 2, 'קשירת ברזל קומה 2', 1),
        -- PR1 Log 08
        (v_dl_pr1_08, 'א.ש. שלד', 'שלד', 9, 'קשירת ברזל', 0),
        (v_dl_pr1_08, 'כהן חשמל', 'חשמל', 3, 'הנחת כבלים', 1),

        -- PR2 Log 01
        (v_dl_pr2_01, 'א. גיפסים', 'גבס', 3, 'טיח פנים', 0),
        (v_dl_pr2_01, 'ד. אינסטלציה', 'אינסטלציה', 2, 'צנרת', 1),
        -- PR2 Log 02
        (v_dl_pr2_02, 'א. גיפסים', 'גבס', 4, 'טיח פנים', 0),
        (v_dl_pr2_02, 'מ. ריצוף', 'ריצוף', 3, 'ריצוף לובי', 1),
        -- PR2 Log 03
        (v_dl_pr2_03, 'מ. ריצוף', 'ריצוף', 5, 'הנחת אריחים', 0),
        (v_dl_pr2_03, 'א. גיפסים', 'גבס', 2, 'גמר טיח', 1),
        -- PR2 Log 04
        (v_dl_pr2_04, 'מ. ריצוף', 'ריצוף', 4, 'אריחי קירות', 0),
        (v_dl_pr2_04, 'ל. צביעה', 'צביעה', 3, 'הכנת משטחים', 1),
        -- PR2 Log 05
        (v_dl_pr2_05, 'ל. צביעה', 'צביעה', 4, 'שכבה ראשונה', 0),
        (v_dl_pr2_05, 'ד. אינסטלציה', 'אינסטלציה', 2, 'גמר צנרת', 1),
        (v_dl_pr2_05, 'נ. חשמל', 'חשמל', 2, 'חיבורים', 2),
        -- PR2 Log 06
        (v_dl_pr2_06, 'ל. צביעה', 'צביעה', 3, 'שכבה שנייה', 0),
        (v_dl_pr2_06, 'נ. חשמל', 'חשמל', 3, 'התקנת לוחות', 1);


    -- ========================================================
    -- EQUIPMENT ROWS
    -- PR1 logs 01-08, PR2 logs 01-06
    -- ========================================================
    INSERT INTO public.equipment_row (daily_log_id, name, quantity, notes, sort_order)
    VALUES
        -- PR1 Log 01
        (v_dl_pr1_01, 'מחפרון גדול', 1, '', 0),
        (v_dl_pr1_01, 'בטונייה', 1, 'לבטון רזה', 1),
        -- PR1 Log 02
        (v_dl_pr1_02, 'מחפרון גדול', 1, '', 0),
        (v_dl_pr1_02, 'בטונייה', 1, '', 1),
        -- PR1 Log 03
        (v_dl_pr1_03, 'בטונייה', 1, 'יציקת יסודות', 0),
        (v_dl_pr1_03, 'מנוף צבר', 1, 'הרמת ברזל', 1),
        -- PR1 Log 04
        (v_dl_pr1_04, 'בטונייה', 1, '', 0),
        (v_dl_pr1_04, 'מנוף צבר', 1, '', 1),
        -- PR1 Log 05
        (v_dl_pr1_05, 'בטונייה', 2, 'יציקה מקבילה', 0),
        (v_dl_pr1_05, 'מנוף צבר', 1, '', 1),
        -- PR1 Log 06
        (v_dl_pr1_06, 'בטונייה', 2, 'יציקת תקרה', 0),
        (v_dl_pr1_06, 'מנוף צבר', 1, '', 1),
        (v_dl_pr1_06, 'פיגומים', 2, 'קומה 1', 2),
        -- PR1 Log 07
        (v_dl_pr1_07, 'בטונייה', 1, '', 0),
        (v_dl_pr1_07, 'פיגומים', 2, 'קומות 1-2', 1),
        -- PR1 Log 08
        (v_dl_pr1_08, 'בטונייה', 1, '', 0),
        (v_dl_pr1_08, 'פיגומים', 3, 'קומות 1-3', 1),

        -- PR2 Log 01
        (v_dl_pr2_01, 'פיגומים', 3, 'קומות 1-2', 0),
        (v_dl_pr2_01, 'ערבל', 1, 'טיח', 1),
        -- PR2 Log 02
        (v_dl_pr2_02, 'פיגומים', 3, '', 0),
        (v_dl_pr2_02, 'ערבל', 1, '', 1),
        -- PR2 Log 03
        (v_dl_pr2_03, 'ערבל', 1, '', 0),
        (v_dl_pr2_03, 'מגב חשמלי', 2, 'עבודות ריצוף', 1),
        -- PR2 Log 04
        (v_dl_pr2_04, 'ערבל', 1, '', 0),
        (v_dl_pr2_04, 'מגב חשמלי', 2, '', 1),
        -- PR2 Log 05
        (v_dl_pr2_05, 'מגב חשמלי', 1, '', 0),
        (v_dl_pr2_05, 'מנוף קטן', 1, 'התקנת חלונות', 1),
        -- PR2 Log 06
        (v_dl_pr2_06, 'מגב חשמלי', 1, '', 0),
        (v_dl_pr2_06, 'מנוף קטן', 1, '', 1);


    -- ========================================================
    -- ISSUES
    -- ========================================================
    INSERT INTO public.issue
        (id, project_id, discovered_in_log_id, title, location, description,
         responsible_contractor, assigned_to, due_date, severity, status, resolved_at)
    VALUES
        -- PR1 issues
        (v_is_01, v_pr1, v_dl_pr1_05,
         'סדק בקיר חיצוני - צד צפוני',
         'קיר חיצוני צפוני - קומה 1',
         'סדק באורך 40 ס״מ נצפה בקיר החיצוני. יש לטפל לפני המשך עבודות הטיח.',
         'א.ש. שלד', 'אבי כהן', '2026-06-22', 'high', 'in_progress', NULL),

        (v_is_02, v_pr1, v_dl_pr1_04,
         'רטיבות בתקרת קומה 3',
         'תקרת קומה 3 - אזור צפון-מזרח',
         'רטיבות נצפתה בתקרת קומה 3 לאחר גשם. מקור אינו ברור - ייתכן בעיה ביציקה.',
         'יציקות ישראל', 'אבי כהן', '2026-06-18', 'critical', 'in_progress', NULL),

        (v_is_03, v_pr1, v_dl_pr1_02,
         'ברזל בסיס לא תקני - קטר 12 במקום 16',
         'יסודות - אזור B',
         'ברזל בסיס שהוכנס בקוטר 12 מ״מ במקום 16 מ״מ כנדרש בשרטוט. תוקן בשטח.',
         'א.ש. שלד', 'אבי כהן', '2026-06-10', 'high', 'resolved',
         '2026-06-10 10:00:00+00'),

        (v_is_04, v_pr1, v_dl_pr1_07,
         'מפגע בטיחותי - פיגום לא מאובטח',
         'פיגום - צד צפוני קומה 2',
         'פיגום נצפה כרעוע ולא מחובר כנדרש. העבודה בסמוך הופסקה עד לתיקון.',
         'א.ש. שלד', 'אבי כהן', '2026-06-16', 'critical', 'open', NULL),

        (v_is_05, v_pr1, v_dl_pr1_06,
         'יציקת בטון לא אחידה - אזור D',
         'תקרת קומה 1 - אזור D',
         'נצפו בועות ואי-אחידות ביציקת בטון. יש לבדוק עמידות הבטון.',
         'יציקות ישראל', 'אבי כהן', '2026-06-25', 'medium', 'open', NULL),

        (v_is_06, v_pr1, NULL,
         'חיפוי קיר לא ישר - חדר 101',
         'קיר דרומי חדר 101',
         'חיפוי קיר חרג מקו הישר ב-2 ס״מ. תוקן ונסגר.',
         'א. גיפסים', 'אבי כהן', '2026-05-30', 'low', 'closed',
         '2026-05-28 14:00:00+00'),

        (v_is_07, v_pr1, NULL,
         'אי-התאמה בשרטוט קומה 2 - מיקום עמוד',
         'קומה 2 - עמוד D4',
         'עמוד D4 בשרטוט מהנדס אינו תואם לשרטוט האדריכל. נדרשת הבהרה דחופה.',
         'א.ש. שלד', 'אבי כהן', '2026-06-17', 'high', 'in_progress', NULL),

        -- PR2 issues
        (v_is_08, v_pr2, v_dl_pr2_03,
         'טיח פנים לא אחיד - קומה 2',
         'פרוזדור קומה 2',
         'הטיח בפרוזדור קומה 2 אינו אחיד - נדרש תיקון לפני צביעה.',
         'א. גיפסים', 'מיכל לוי', '2026-06-20', 'medium', 'open', NULL),

        (v_is_09, v_pr2, v_dl_pr2_02,
         'ניקוז גג לקוי - מפל אפס',
         'גג הבניין - פינה דרום-מזרחית',
         'בדיקת ניקוז הגג העלתה מפל אפס בפינה דרום-מזרחית - מים יתכנסו.',
         'ד. אינסטלציה', 'מיכל לוי', '2026-06-18', 'high', 'in_progress', NULL),

        (v_is_10, v_pr2, v_dl_pr2_05,
         'שימוש בצבע לא מאושר - גוון שגוי',
         'חדרי מדרגות קומות 1-3',
         'הצבע שהופעל אינו הגוון שאושר על ידי הלקוח. יש להחליף.',
         'ל. צביעה', 'מיכל לוי', '2026-06-25', 'low', 'open', NULL),

        (v_is_11, v_pr2, v_dl_pr2_04,
         'דלת כניסה לא ישרה - דירה 23',
         'דירה 23 - קומה 2',
         'מסגרת דלת הכניסה לדירה 23 אינה מאונכת - נפתחת/נסגרת בקושי. תוקן.',
         'מ. ריצוף', 'מיכל לוי', '2026-06-12', 'medium', 'resolved',
         '2026-06-12 11:00:00+00'),

        (v_is_12, v_pr2, v_dl_pr2_01,
         'חיבורי חשמל לא תקניים - לוח חלוקה',
         'לוח חלוקה - קומה 1',
         'הלוח לא מחובר על פי תקן ישראלי - חסרים מפסקי הגנה. דחוף לתיקון.',
         'נ. חשמל', 'מיכל לוי', '2026-06-16', 'critical', 'in_progress', NULL),

        (v_is_13, v_pr2, v_dl_pr2_06,
         'פיר מעלית לא בקו - סטייה של 3 ס״מ',
         'פיר מעלית - מרכז הבניין',
         'פיר המעלית אינו ישר - סטייה של 3 ס״מ בין קומה 1 לקומה 5. נדרש מהנדס.',
         'א.ש. שלד', 'מיכל לוי', '2026-06-30', 'high', 'open', NULL),

        -- PR3 issues
        (v_is_14, v_pr3, v_dl_pr3_02,
         'גבולות מגרש שנויים במחלוקת',
         'גבול מזרחי של המגרש',
         'שכן הסמוך טוען לבעלות על 2 מטר בגבול המזרחי. נדרש מדד מוסמך.',
         '', 'שירה גל', '2026-06-30', 'high', 'open', NULL),

        (v_is_15, v_pr3, NULL,
         'היתר בנייה לא מאושר בשלמותו',
         'כלל הפרויקט',
         'עיריית נוף הגליל לא אישרה את היתר הבנייה - חסרים 3 מסמכים. פרויקט בעצירה.',
         '', 'שירה גל', '2026-07-15', 'critical', 'open', NULL),

        -- Additional PR2 issue
        (v_is_16, v_pr2, v_dl_pr2_08,
         'שבירת אריחים במסדרון קומה 3',
         'מסדרון קומה 3',
         'מספר אריחים שבורים נצפו לאחר הנחה - ייתכן בעיה בבסיס הרצפה.',
         'מ. ריצוף', 'מיכל לוי', '2026-06-28', 'low', 'open', NULL);


    -- ========================================================
    -- ISSUE COMMENTS
    -- ========================================================
    INSERT INTO public.issue_comment (issue_id, author, body)
    VALUES
        (v_is_01, 'אבי כהן',
         'קבלן השלד בדק את הסדק - לדבריו נגרם מהתנחלות קרקע ולא מבעיה קונסטרוקטיבית.'),
        (v_is_01, 'יוסי בן-דוד',
         'ממתינים לחוות דעת של מהנדס קונסטרוקציה לפני המשך הטיפול.'),

        (v_is_02, 'אבי כהן',
         'מהנדס בדק - הרטיבות מגיעה מחיבור לא אטום בין התקרה לקיר. נדרש טיפול דחוף.'),
        (v_is_02, 'יציקות ישראל',
         'נשלח צוות לאטום את החיבור. ממתינים לייבוש לפני בדיקה נוספת.'),

        (v_is_04, 'אבי כהן',
         'פיגום הוחלף לחלוטין. בטיחות האתר אושרה על ידי קצין בטיחות.'),

        (v_is_07, 'אבי כהן',
         'פנינו לאדריכל לקבל הבהרה. ממתינים לתגובה.'),
        (v_is_07, 'מהנדס אלון שפירא',
         'בדקתי את שני השרטוטים - יש טעות בשרטוט האדריכל. נשלח תיקון.'),

        (v_is_09, 'מיכל לוי',
         'קבלן האינסטלציה בדק - נדרשת יציקת שיפוע חדשה בפינה. עלות משוערת 8,000 ש״ח.'),
        (v_is_09, 'רונן לוי',
         'אושר תיקון השיפוע. קבלן יחל עבודה ביום ראשון הקרוב.'),

        (v_is_12, 'מיכל לוי',
         'חשמלאי בדק - חסרים מפסקי FI/DC בלוח. נדרש עדכון תוכנית החשמל.'),
        (v_is_12, 'נ. חשמל',
         'הוזמן ציוד מתאים. יתוקן תוך שלושה ימי עבודה.');


    -- ========================================================
    -- PHOTOS
    -- 10 log photos (PR1 logs 09-12, PR2 log 07-08)
    --  6 issue photos (issues 01, 02, 04, 09, 12, 13)
    -- ========================================================
    INSERT INTO public.photo (daily_log_id, issue_id, storage_key, caption, work_item, area, uploaded_by)
    VALUES
        -- Log photos: PR1
        (v_dl_pr1_09, NULL,
         'dev/seed/logs/pr1-log09-photo-01.webp',
         'קשירת ברזל קומה 2 - צד דרום', 'קשירת ברזל קומה 2', 'קומה 2 - צד דרום', 'יוסי בן-דוד'),

        (v_dl_pr1_09, NULL,
         'dev/seed/logs/pr1-log09-photo-02.webp',
         'יציקת מדרגות קומה 1-2', 'יציקת מדרגות', 'חדר מדרגות', 'יוסי בן-דוד'),

        (v_dl_pr1_10, NULL,
         'dev/seed/logs/pr1-log10-photo-01.webp',
         'יציקת תקרת קומה 2', 'יציקת תקרה', 'קומה 2 - כלל שטח', 'יוסי בן-דוד'),

        (v_dl_pr1_10, NULL,
         'dev/seed/logs/pr1-log10-photo-02.webp',
         'ברזל עמודים קומה 3 - הכנה', 'ברזל עמודים', 'קומה 3', 'יוסי בן-דוד'),

        (v_dl_pr1_11, NULL,
         'dev/seed/logs/pr1-log11-photo-01.webp',
         'קשירת ברזל קומה 3', 'קשירת ברזל קומה 3', 'קומה 3 - סך הכל', 'יוסי בן-דוד'),

        (v_dl_pr1_12, NULL,
         'dev/seed/logs/pr1-log12-photo-01.webp',
         'התקדמות יומית - קשירת ברזל קומה 3', 'קשירת ברזל', 'קומה 3', 'יוסי בן-דוד'),

        -- Log photos: PR2
        (v_dl_pr2_07, NULL,
         'dev/seed/logs/pr2-log07-photo-01.webp',
         'הנחת פרקט - קומה 2 דירה 21', 'הנחת פרקט', 'קומה 2 - דירה 21', 'מיכל לוי'),

        (v_dl_pr2_07, NULL,
         'dev/seed/logs/pr2-log07-photo-02.webp',
         'עבודות חשמל - לוח קומה 2', 'לוח חשמל', 'קומה 2 - לוח חלוקה', 'מיכל לוי'),

        (v_dl_pr2_08, NULL,
         'dev/seed/logs/pr2-log08-photo-01.webp',
         'התקנת כלים סניטריים - דירה 23', 'כלים סניטריים', 'קומה 2 - דירה 23', 'מיכל לוי'),

        (v_dl_pr2_08, NULL,
         'dev/seed/logs/pr2-log08-photo-02.webp',
         'גימור מסגרות חלונות - קומה 3', 'מסגרות חלונות', 'קומה 3', 'מיכל לוי'),

        -- Issue photos
        (NULL, v_is_01,
         'dev/seed/issues/is01-photo-01.webp',
         'סדק בקיר חיצוני - תיעוד', '', 'קיר חיצוני צפוני', 'יוסי בן-דוד'),

        (NULL, v_is_02,
         'dev/seed/issues/is02-photo-01.webp',
         'רטיבות בתקרה - כתם רטיבות', '', 'תקרת קומה 3', 'יוסי בן-דוד'),

        (NULL, v_is_04,
         'dev/seed/issues/is04-photo-01.webp',
         'פיגום לא מאובטח - תיעוד לפני תיקון', '', 'פיגום צד צפוני', 'יוסי בן-דוד'),

        (NULL, v_is_09,
         'dev/seed/issues/is09-photo-01.webp',
         'ניקוז גג - פינה עם מפל אפס', '', 'גג - פינה דרום-מזרח', 'מיכל לוי'),

        (NULL, v_is_12,
         'dev/seed/issues/is12-photo-01.webp',
         'לוח חשמל - חיבורים לא תקניים', '', 'לוח חלוקה קומה 1', 'מיכל לוי'),

        (NULL, v_is_13,
         'dev/seed/issues/is13-photo-01.webp',
         'פיר מעלית - מדידת סטייה', '', 'פיר מעלית', 'מיכל לוי');


    -- ========================================================
    -- BLOCKERS
    -- ========================================================
    INSERT INTO public.blocker
        (id, project_id, title, description, impact, responsible,
         due_date, priority, status, resolved_at)
    VALUES
        (v_bl_01, v_pr1,
         'עיכוב בהספקת ברזל לקומה 3',
         'ספק הברזל הודיע על עיכוב של שבועיים בהספקה בשל מחסור בייצור.',
         'לא ניתן להמשיך קשירת ברזל בקומה 3 - לוח הזמנים מתאחר.',
         'דוד כהן - מנהל רכש', '2026-06-20', 'critical', 'in_progress', NULL),

        (v_bl_02, v_pr1,
         'מחסור בפועלי שלד',
         'חלק מפועלי השלד עברו לפרויקט מתחרה - האתר עובד ב-60% מהכוח.',
         'האתר עובד בחצי כוח - לוח הזמנים מתאחר בצורה ניכרת.',
         'אבי כהן', '2026-06-25', 'high', 'open', NULL),

        (v_bl_03, v_pr1,
         'תקלה בבטונייה',
         'בטונייה ראשית התקלקלה - הוזמנה תמורה חלופית.',
         'יציקת בטון קומה 1 עוכבה 3 ימים. נפתר.',
         'אבי כהן', '2026-06-06', 'medium', 'resolved',
         '2026-06-05 16:00:00+00'),

        (v_bl_04, v_pr1,
         'עיכוב בחיבור לרשת החשמל',
         'חברת החשמל לא אישרה חיבור זמני לאתר - תהליך בירוקרטי.',
         'לא ניתן להתחיל עבודות חשמל ולהפעיל ציוד חשמלי בבניין.',
         'אבי כהן', '2026-06-30', 'critical', 'open', NULL),

        (v_bl_05, v_pr1,
         'עיכוב בביקור מפקח עיריה',
         'מפקח העיריה לא הגיע לביקור המתוכנן כבר שלוש פעמים.',
         'לא ניתן לסגור קומה 2 ולהמשיך לקומה 3 ללא אישור.',
         'אבי כהן', '2026-07-01', 'low', 'open', NULL),

        (v_bl_06, v_pr2,
         'עיכוב בהספקת אריחים',
         'ספק האריחים הודיע על עיכוב של 10 ימים בשל בעיה בייבוא.',
         'ריצוף קומות 3-5 בהמתנה - צוות הריצוף ללא עבודה.',
         'רונן לוי', '2026-06-18', 'high', 'in_progress', NULL),

        (v_bl_07, v_pr2,
         'מחסור בפועלים זמינים',
         'קושי בגיוס פועלים לאתר - תחרות גבוהה בשוק העבודה.',
         'האתר עובד עם 3 פועלים במקום 6 - עיכוב בלוח הזמנים.',
         'רונן לוי', '2026-06-22', 'medium', 'open', NULL),

        (v_bl_08, v_pr2,
         'חוסר בחומר איטום לגג',
         'חומר האיטום הנדרש אזל בשוק - נדרשת הזמנה מיבוא.',
         'לא ניתן להשלים את גג הבניין - רטיבות מסכנת עבודות הגמר.',
         'שמואל גבאי - קבלן ראשי', '2026-06-17', 'critical', 'open', NULL),

        (v_bl_09, v_pr2,
         'עיכוב בתשלום לקבלן הריצוף',
         'קבלן הריצוף לא קיבל תשלום עבור החודש הקודם - עצר עבודה.',
         'עבודות הריצוף נעצרו לחלוטין עד לסילוק החוב.',
         'רונן לוי', '2026-06-16', 'high', 'open', NULL),

        (v_bl_10, v_pr3,
         'היתר בנייה לא התקבל',
         'עיריית נוף הגליל טרם אישרה את היתר הבנייה - חסרים מסמכים.',
         'לא ניתן להתחיל שום עבודת בנייה - הפרויקט עצור לחלוטין.',
         'שירה גל', '2026-07-15', 'critical', 'open', NULL),

        (v_bl_11, v_pr3,
         'מחלוקת על גבולות המגרש עם שכן',
         'שכן הסמוך טוען לזכות בגבול המזרחי - תיק בבית משפט.',
         'שטח הבנייה במחלוקת - לא ניתן לאשר תוכנית הבינוי.',
         'שירה גל', '2026-06-30', 'high', 'in_progress', NULL);


    -- ========================================================
    -- DECISIONS
    -- ========================================================
    INSERT INTO public.decision
        (id, project_id, title, description, requested_by, owner, due_date, status)
    VALUES
        (v_dc_01, v_pr1,
         'אישור שינוי בגג - הגדלת כיפה',
         'הקבלן מציע לשנות את עיצוב הגג ולהגדיל את הכיפה ב-30 ס״מ. הדבר ישפיע על הגינה הגגית. נדרש אישור אדריכל ולקוח.',
         'אבי כהן', 'יוסי בן-דוד', '2026-06-25', 'pending'),

        (v_dc_02, v_pr1,
         'שינוי ספק בטון מ"רמי לוי בנייה" ל"קרני בטון"',
         'ספק הבטון הנוכחי לא עומד בלוחות הזמנים. "קרני בטון" הציעה מחיר זהה עם אספקה מהירה יותר.',
         'אבי כהן', 'יוסי בן-דוד', '2026-06-10', 'approved'),

        (v_dc_03, v_pr1,
         'הרחבת שטח דירות קומה 3 - צד מערב',
         'ניתן טכנית להרחיב את דירות קומה 3 ב-8 מ״ר נוספים בצד המערבי. נדרש אישור מהנדס ועדכון תכנית.',
         'אבי כהן', 'יוסי בן-דוד', '2026-07-15', 'deferred'),

        (v_dc_04, v_pr1,
         'תוספת מערכת מיזוג מרכזית לכל הבניין',
         'הלקוח מעוניין להוסיף מיזוג מרכזי לכל הבניין. עלות משוערת 450,000 ש״ח. נדרש תכנון מחדש של תשתיות.',
         'יוסי בן-דוד', 'אבי כהן', '2026-07-01', 'pending'),

        (v_dc_05, v_pr2,
         'אישור חיפוי חיצוני חדש - פח כסוף',
         'הלקוח מבקש לשנות את החיפוי החיצוני מטיח לחיפוי פח כסוף. הדבר מחייב שינוי בתוכנית ועלות נוספת של כ-200,000 ש״ח.',
         'מיכל לוי', 'רונן לוי', '2026-06-20', 'pending'),

        (v_dc_06, v_pr2,
         'שינוי תוכנית דירה 45 - הגדלת מרפסת',
         'רוכש דירה 45 ביקש להגדיל את המרפסת ב-6 מ״ר. אדריכל אישר שזה אפשרי. אושר.',
         'מיכל לוי', 'רונן לוי', '2026-06-05', 'approved'),

        (v_dc_07, v_pr2,
         'תוספת 8 מקומות חניה תת-קרקעיים',
         'הוצע להוסיף 8 מקומות חניה נוספים בקומת המרתף. עלות: 1.2 מיליון ש״ח. נדחה - לא כדאי כלכלית.',
         'מיכל לוי', 'רונן לוי', '2026-06-01', 'rejected'),

        (v_dc_08, v_pr3,
         'אישור תוכנית בינוי ראשונית',
         'תוכנית הבינוי הראשונית הוכנה על ידי האדריכל ומחכה לאישור הוועדה המקומית לתכנון ובנייה.',
         'שירה גל', 'ראש עיריית נוף הגליל', '2026-07-01', 'pending'),

        (v_dc_09, v_pr3,
         'בחירת קבלן ראשי לפרויקט',
         'התקבלו 3 הצעות מחיר מקבלנים ראשיים. נדרש השוואה ובחירה לפני תחילת הפרויקט.',
         'שירה גל', 'שירה גל', '2026-07-15', 'pending'),

        (v_dc_10, v_pr3,
         'הסכם שכנים - פיצוי על מטרד בנייה',
         'שכנים בסמוך דורשים הסכם פיצוי על מטרד הבנייה הצפוי. נדחה לאחר קבלת היתר.',
         'שירה גל', 'עו״ד מטעם החברה', '2026-08-01', 'deferred');


    -- ========================================================
    -- REPORTS
    -- 11 PR1 daily + 1 PR1 weekly + 1 PR1 monthly
    --  6 PR2 daily
    -- Total: 19 reports
    -- ========================================================
    INSERT INTO public.report
        (id, project_id, daily_log_id, type, date, status, sent_at,
         pdf_storage_key, pdf_generated_at)
    VALUES
        -- PR1 daily reports: sent (logs 01-06)
        (v_rp_pr1_01, v_pr1, v_dl_pr1_01, 'daily', '2026-06-01', 'sent',
         '2026-06-01 17:00:00+00',
         'reports/seed/pr1/daily-report-2026-06-01.pdf',
         '2026-06-01 16:45:00+00'),

        (v_rp_pr1_02, v_pr1, v_dl_pr1_02, 'daily', '2026-06-02', 'sent',
         '2026-06-02 17:00:00+00',
         'reports/seed/pr1/daily-report-2026-06-02.pdf',
         '2026-06-02 16:45:00+00'),

        (v_rp_pr1_03, v_pr1, v_dl_pr1_03, 'daily', '2026-06-03', 'sent',
         '2026-06-03 17:00:00+00',
         'reports/seed/pr1/daily-report-2026-06-03.pdf',
         '2026-06-03 16:45:00+00'),

        (v_rp_pr1_04, v_pr1, v_dl_pr1_04, 'daily', '2026-06-04', 'sent',
         '2026-06-04 17:00:00+00',
         'reports/seed/pr1/daily-report-2026-06-04.pdf',
         '2026-06-04 16:45:00+00'),

        (v_rp_pr1_05, v_pr1, v_dl_pr1_05, 'daily', '2026-06-05', 'sent',
         '2026-06-05 17:00:00+00',
         'reports/seed/pr1/daily-report-2026-06-05.pdf',
         '2026-06-05 16:45:00+00'),

        (v_rp_pr1_06, v_pr1, v_dl_pr1_06, 'daily', '2026-06-08', 'sent',
         '2026-06-08 17:00:00+00',
         'reports/seed/pr1/daily-report-2026-06-08.pdf',
         '2026-06-08 16:45:00+00'),

        -- PR1 daily reports: ready (logs 07-08)
        (v_rp_pr1_07, v_pr1, v_dl_pr1_07, 'daily', '2026-06-09', 'ready',
         NULL, NULL, NULL),

        (v_rp_pr1_08, v_pr1, v_dl_pr1_08, 'daily', '2026-06-10', 'ready',
         NULL, NULL, NULL),

        -- PR1 daily reports: draft (logs 09-11)
        (v_rp_pr1_09, v_pr1, v_dl_pr1_09, 'daily', '2026-06-11', 'draft',
         NULL, NULL, NULL),

        (v_rp_pr1_10, v_pr1, v_dl_pr1_10, 'daily', '2026-06-12', 'draft',
         NULL, NULL, NULL),

        (v_rp_pr1_11, v_pr1, v_dl_pr1_11, 'daily', '2026-06-14', 'draft',
         NULL, NULL, NULL),

        -- PR1 weekly report: week of 2026-06-01 (ready)
        (v_rp_pr1_wk, v_pr1, NULL, 'weekly', '2026-06-01', 'ready',
         NULL, NULL, NULL),

        -- PR1 monthly report: May 2026 (sent)
        (v_rp_pr1_mn, v_pr1, NULL, 'monthly', '2026-05-01', 'sent',
         '2026-06-03 09:00:00+00',
         'reports/seed/pr1/monthly-report-2026-05.pdf',
         '2026-06-03 08:45:00+00'),

        -- PR2 daily reports: sent (logs 01-03)
        (v_rp_pr2_01, v_pr2, v_dl_pr2_01, 'daily', '2026-06-01', 'sent',
         '2026-06-01 17:30:00+00',
         'reports/seed/pr2/daily-report-2026-06-01.pdf',
         '2026-06-01 17:15:00+00'),

        (v_rp_pr2_02, v_pr2, v_dl_pr2_02, 'daily', '2026-06-02', 'sent',
         '2026-06-02 17:30:00+00',
         'reports/seed/pr2/daily-report-2026-06-02.pdf',
         '2026-06-02 17:15:00+00'),

        (v_rp_pr2_03, v_pr2, v_dl_pr2_03, 'daily', '2026-06-04', 'sent',
         '2026-06-04 17:30:00+00',
         'reports/seed/pr2/daily-report-2026-06-04.pdf',
         '2026-06-04 17:15:00+00'),

        -- PR2 daily reports: ready (log 04)
        (v_rp_pr2_04, v_pr2, v_dl_pr2_04, 'daily', '2026-06-05', 'ready',
         NULL, NULL, NULL),

        -- PR2 daily reports: draft (logs 05-06)
        (v_rp_pr2_05, v_pr2, v_dl_pr2_05, 'daily', '2026-06-08', 'draft',
         NULL, NULL, NULL),

        (v_rp_pr2_06, v_pr2, v_dl_pr2_06, 'daily', '2026-06-10', 'draft',
         NULL, NULL, NULL);

END $$;
